Date,Address,Price,PriceTag,Area,Ft_Price,Agency,Region,District,Subdistrict,Code,Area_URL
2025-02-20,Shun Fai Building・Lower Floor・Flat A,$4.72M,S,323ft²,"@$14,613",Centaline,Hong Kong Island,All Hong Kong Island,Kennedy Town,HMA111,https://hk.centanet.com/findproperty/en/list/transaction/Kennedy-Town_19-HMA111?q=fqa6mx9zpr
2025-02-19,Smithfield Terrace・Block A・Lower Floor・Flat 4,$3.3M,S,265ft²,"@$12,453",Centaline,Hong Kong Island,All Hong Kong Island,Kennedy Town,HMA111,https://hk.centanet.com/findproperty/en/list/transaction/Kennedy-Town_19-HMA111?q=fqa6mx9zpr
2025-02-18,Harbour View Garden・Tower 3・Lower Floor・Flat A,"$19,000",L,405ft²,@$47,Centaline,Hong Kong Island,All Hong Kong Island,Kennedy Town,HMA111,https://hk.centanet.com/findproperty/en/list/transaction/Kennedy-Town_19-HMA111?q=fqa6mx9zpr
2025-02-17,Serene Court・21/F・Flat C,$10.8M,S,691ft²,"@$15,630",Land Registry,Hong Kong Island,All Hong Kong Island,Kennedy Town,HMA111,https://hk.centanet.com/findproperty/en/list/transaction/Kennedy-Town_19-HMA111?q=fqa6mx9zpr
2025-02-15,Kennedy 38・Upper Floor・Flat L,"$23,000",L,302ft²,@$76,Centaline,Hong Kong Island,All Hong Kong Island,Kennedy Town,HMA111,https://hk.centanet.com/findproperty/en/list/transaction/Kennedy-Town_19-HMA111?q=fqa6mx9zpr
2025-02-15,Treasure Court・Lower Floor・Flat B,"$15,000",L,301ft²,@$50,Centaline,Hong Kong Island,All Hong Kong Island,Kennedy Town,HMA111,https://hk.centanet.com/findproperty/en/list/transaction/Kennedy-Town_19-HMA111?q=fqa6mx9zpr
2025-02-13,Cayman Rise・Block 2・33/F・Flat G,$7.78M,S,464ft²,"@$16,767",Land Registry,Hong Kong Island,All Hong Kong Island,Kennedy Town,HMA111,https://hk.centanet.com/findproperty/en/list/transaction/Kennedy-Town_19-HMA111?q=fqa6mx9zpr
2025-02-11,Joyful Building・19/F・Flat F,$7.16M,S,579ft²,"@$12,366",Land Registry,Hong Kong Island,All Hong Kong Island,Kennedy Town,HMA111,https://hk.centanet.com/findproperty/en/list/transaction/Kennedy-Town_19-HMA111?q=fqa6mx9zpr
2025-02-10,Imperial Kennedy・Upper Floor・Flat A,"$54,000",L,901ft²,@$60,Centaline,Hong Kong Island,All Hong Kong Island,Kennedy Town,HMA111,https://hk.centanet.com/findproperty/en/list/transaction/Kennedy-Town_19-HMA111?q=fqa6mx9zpr
2025-02-07,Luen Hong Apartments・14/F・Flat 5,$3.5M,S,328ft²,"@$10,671",Land Registry,Hong Kong Island,All Hong Kong Island,Kennedy Town,HMA111,https://hk.centanet.com/findproperty/en/list/transaction/Kennedy-Town_19-HMA111?q=fqa6mx9zpr
2025-02-05,Harbour View Garden・Tower 2・26/F・Flat 2,$6.45M,S,378ft²,"@$17,063",Land Registry,Hong Kong Island,All Hong Kong Island,Kennedy Town,HMA111,https://hk.centanet.com/findproperty/en/list/transaction/Kennedy-Town_19-HMA111?q=fqa6mx9zpr
2025-02-04,Ka Ming Building・17/F・Flat A,$2.7M,S,364ft²,"@$7,418",Land Registry,Hong Kong Island,All Hong Kong Island,Kennedy Town,HMA111,https://hk.centanet.com/findproperty/en/list/transaction/Kennedy-Town_19-HMA111?q=fqa6mx9zpr
2025-02-04,Wah Fai House・3/F・Flat D,$4.15M,S,429ft²,"@$9,674",Land Registry,Hong Kong Island,All Hong Kong Island,Kennedy Town,HMA111,https://hk.centanet.com/findproperty/en/list/transaction/Kennedy-Town_19-HMA111?q=fqa6mx9zpr
2025-02-03,9-11 North Street・4/F・No. 11,$5.98M,S,413ft²,"@$14,479",Land Registry,Hong Kong Island,All Hong Kong Island,Kennedy Town,HMA111,https://hk.centanet.com/findproperty/en/list/transaction/Kennedy-Town_19-HMA111?q=fqa6mx9zpr
2025-02-01,The Merton・Tower 1・Middle Floor・Flat A,"$36,000",L,651ft²,@$55,Centaline,Hong Kong Island,All Hong Kong Island,Kennedy Town,HMA111,https://hk.centanet.com/findproperty/en/list/transaction/Kennedy-Town_19-HMA111?q=fqa6mx9zpr
2025-02-01,Lung Cheung Garden・Middle Floor・Flat C,"$19,500",L,369ft²,@$53,Centaline,Hong Kong Island,All Hong Kong Island,Kennedy Town,HMA111,https://hk.centanet.com/findproperty/en/list/transaction/Kennedy-Town_19-HMA111?q=fqa6mx9zpr
2025-02-01,Smithfield Terrace・Block A・Lower Floor・Flat 1,"$13,800",L,281ft²,@$49,Centaline,Hong Kong Island,All Hong Kong Island,Kennedy Town,HMA111,https://hk.centanet.com/findproperty/en/list/transaction/Kennedy-Town_19-HMA111?q=fqa6mx9zpr
2025-01-31,Kennedy 38・Lower Floor・Flat L,"$22,000",L,302ft²,@$73,Centaline,Hong Kong Island,All Hong Kong Island,Kennedy Town,HMA111,https://hk.centanet.com/findproperty/en/list/transaction/Kennedy-Town_19-HMA111?q=fqa6mx9zpr
2025-01-31,Kennedy 38・Lower Floor・Flat N,"$21,000",L,300ft²,@$70,Centaline,Hong Kong Island,All Hong Kong Island,Kennedy Town,HMA111,https://hk.centanet.com/findproperty/en/list/transaction/Kennedy-Town_19-HMA111?q=fqa6mx9zpr
2025-01-28,New Fortune House・Block B・3/F・Flat 6,$4M,S,400ft²,"@$10,000",Land Registry,Hong Kong Island,All Hong Kong Island,Kennedy Town,HMA111,https://hk.centanet.com/findproperty/en/list/transaction/Kennedy-Town_19-HMA111?q=fqa6mx9zpr
2025-01-27,Westview Height・Upper Floor・Flat B,"$14,200",L,259ft²,@$55,Centaline,Hong Kong Island,All Hong Kong Island,Kennedy Town,HMA111,https://hk.centanet.com/findproperty/en/list/transaction/Kennedy-Town_19-HMA111?q=fqa6mx9zpr
2025-01-27,Kennedy 38・Lower Floor・Flat J,"$21,000",L,288ft²,@$73,Centaline,Hong Kong Island,All Hong Kong Island,Kennedy Town,HMA111,https://hk.centanet.com/findproperty/en/list/transaction/Kennedy-Town_19-HMA111?q=fqa6mx9zpr
2025-01-27,Pearl Court・Block A・7/F・Flat 8,$5.48M,S,435ft²,"@$12,598",Land Registry,Hong Kong Island,All Hong Kong Island,Kennedy Town,HMA111,https://hk.centanet.com/findproperty/en/list/transaction/Kennedy-Town_19-HMA111?q=fqa6mx9zpr
2025-01-27,Belcher Court・Block A・1/F・Flat A2,$5.93M,S,374ft²,"@$15,856",Land Registry,Hong Kong Island,All Hong Kong Island,Kennedy Town,HMA111,https://hk.centanet.com/findproperty/en/list/transaction/Kennedy-Town_19-HMA111?q=fqa6mx9zpr
2025-01-25,Manhattan Heights・Lower Floor・Flat E,"$24,000",L,438ft²,@$55,Centaline,Hong Kong Island,All Hong Kong Island,Kennedy Town,HMA111,https://hk.centanet.com/findproperty/en/list/transaction/Kennedy-Town_19-HMA111?q=fqa6mx9zpr
2025-01-25,The Merton・Tower 2・Middle Floor・Flat D,"$22,500",L,482ft²,@$47,Centaline,Hong Kong Island,All Hong Kong Island,Kennedy Town,HMA111,https://hk.centanet.com/findproperty/en/list/transaction/Kennedy-Town_19-HMA111?q=fqa6mx9zpr
2025-01-24,Smithfield Court・Block 2・20/F・Flat C,$6.3M,S,450ft²,"@$14,000",Land Registry,Hong Kong Island,All Hong Kong Island,Kennedy Town,HMA111,https://hk.centanet.com/findproperty/en/list/transaction/Kennedy-Town_19-HMA111?q=fqa6mx9zpr
2025-01-24,Kam Fai Building・4/F・No. 129,$2.05M,S,--,--,Land Registry,Hong Kong Island,All Hong Kong Island,Kennedy Town,HMA111,https://hk.centanet.com/findproperty/en/list/transaction/Kennedy-Town_19-HMA111?q=fqa6mx9zpr
2025-01-23,Wah Fai House・Lower Floor・Flat D,$4.15M,S,429ft²,"@$9,674",Centaline,Hong Kong Island,All Hong Kong Island,Kennedy Town,HMA111,https://hk.centanet.com/findproperty/en/list/transaction/Kennedy-Town_19-HMA111?q=fqa6mx9zpr
2025-01-23,Hoi Tao Building・Block A・14/F・Flat 3,$2.9M,S,267ft²,"@$10,861",Land Registry,Hong Kong Island,All Hong Kong Island,Kennedy Town,HMA111,https://hk.centanet.com/findproperty/en/list/transaction/Kennedy-Town_19-HMA111?q=fqa6mx9zpr
2025-01-23,Yick Fung Garden・Block B・27/F・Flat A,$7.83M,S,467ft²,"@$16,767",Land Registry,Hong Kong Island,All Hong Kong Island,Kennedy Town,HMA111,https://hk.centanet.com/findproperty/en/list/transaction/Kennedy-Town_19-HMA111?q=fqa6mx9zpr
2025-01-23,Tai Hong Building・2/F・Flat D,$3.5M,S,329ft²,"@$10,638",Land Registry,Hong Kong Island,All Hong Kong Island,Kennedy Town,HMA111,https://hk.centanet.com/findproperty/en/list/transaction/Kennedy-Town_19-HMA111?q=fqa6mx9zpr
2025-01-23,Kuk Fung Building・5/F・Flat B,$4M,S,368ft²,"@$10,870",Land Registry,Hong Kong Island,All Hong Kong Island,Kennedy Town,HMA111,https://hk.centanet.com/findproperty/en/list/transaction/Kennedy-Town_19-HMA111?q=fqa6mx9zpr
2025-01-22,Kennedy 38・Middle Floor・Flat K,"$24,000",L,298ft²,@$81,Centaline,Hong Kong Island,All Hong Kong Island,Kennedy Town,HMA111,https://hk.centanet.com/findproperty/en/list/transaction/Kennedy-Town_19-HMA111?q=fqa6mx9zpr
2025-01-22,The Sail At Victoria・17/F・Flat B,$21M,S,"1,059ft²","@$19,830",Land Registry,Hong Kong Island,All Hong Kong Island,Kennedy Town,HMA111,https://hk.centanet.com/findproperty/en/list/transaction/Kennedy-Town_19-HMA111?q=fqa6mx9zpr
2025-01-22,Luen Gay Apartments・23/F・Flat 5,$3.8M,S,327ft²,"@$11,621",Land Registry,Hong Kong Island,All Hong Kong Island,Kennedy Town,HMA111,https://hk.centanet.com/findproperty/en/list/transaction/Kennedy-Town_19-HMA111?q=fqa6mx9zpr
2025-01-18,Kennedy 38・Upper Floor・Flat L,"$23,500",L,302ft²,@$78,Centaline,Hong Kong Island,All Hong Kong Island,Kennedy Town,HMA111,https://hk.centanet.com/findproperty/en/list/transaction/Kennedy-Town_19-HMA111?q=fqa6mx9zpr
2025-01-17,Luen Wai Apartment・9/F・Flat 6,$3.2M,S,328ft²,"@$9,756",Land Registry,Hong Kong Island,All Hong Kong Island,Kennedy Town,HMA111,https://hk.centanet.com/findproperty/en/list/transaction/Kennedy-Town_19-HMA111?q=fqa6mx9zpr
2025-01-17,Luen Hong Apartments・19/F・Flat 9,$3.7M,S,372ft²,"@$9,946",Land Registry,Hong Kong Island,All Hong Kong Island,Kennedy Town,HMA111,https://hk.centanet.com/findproperty/en/list/transaction/Kennedy-Town_19-HMA111?q=fqa6mx9zpr
2025-01-16,The Merton・Carpark・1/F・No.17 (Site A),$2.15M,S,--,--,Land Registry,Hong Kong Island,All Hong Kong Island,Kennedy Town,HMA111,https://hk.centanet.com/findproperty/en/list/transaction/Kennedy-Town_19-HMA111?q=fqa6mx9zpr
2025-01-15,Ying Ga Garden・Tai Pak Court (Tower 2)・Upper Floor・Flat B,"$18,000",L,377ft²,@$48,Centaline,Hong Kong Island,All Hong Kong Island,Kennedy Town,HMA111,https://hk.centanet.com/findproperty/en/list/transaction/Kennedy-Town_19-HMA111?q=fqa6mx9zpr
2025-01-15,Ivy On Belcher's・37/F・Flat D,$11.4M,S,535ft²,"@$21,308",Land Registry,Hong Kong Island,All Hong Kong Island,Kennedy Town,HMA111,https://hk.centanet.com/findproperty/en/list/transaction/Kennedy-Town_19-HMA111?q=fqa6mx9zpr
2025-01-14,The Hudson・Middle Floor・Flat D,"$30,000",L,464ft²,@$65,Centaline,Hong Kong Island,All Hong Kong Island,Kennedy Town,HMA111,https://hk.centanet.com/findproperty/en/list/transaction/Kennedy-Town_19-HMA111?q=fqa6mx9zpr
2025-01-13,Serene Court・1/F・Flat G,$7.68M,S,691ft²,"@$11,107",Land Registry,Hong Kong Island,All Hong Kong Island,Kennedy Town,HMA111,https://hk.centanet.com/findproperty/en/list/transaction/Kennedy-Town_19-HMA111?q=fqa6mx9zpr
2025-01-13,The Merton・Tower 2・51/F・Flat F,$8.98M,S,474ft²,"@$18,945",Land Registry,Hong Kong Island,All Hong Kong Island,Kennedy Town,HMA111,https://hk.centanet.com/findproperty/en/list/transaction/Kennedy-Town_19-HMA111?q=fqa6mx9zpr
2025-01-12,Kennedy 38・Middle Floor・Flat F,"$20,500",L,265ft²,@$77,Centaline,Hong Kong Island,All Hong Kong Island,Kennedy Town,HMA111,https://hk.centanet.com/findproperty/en/list/transaction/Kennedy-Town_19-HMA111?q=fqa6mx9zpr
2025-01-11,Ying Ga Garden・Tai Pak Court (Tower 2)・Upper Floor・Flat B,"$18,500",L,377ft²,@$49,Centaline,Hong Kong Island,All Hong Kong Island,Kennedy Town,HMA111,https://hk.centanet.com/findproperty/en/list/transaction/Kennedy-Town_19-HMA111?q=fqa6mx9zpr
2025-01-10,The Merton・Tower 3・Upper Floor・Flat H,"$19,000",L,313ft²,@$61,Centaline,Hong Kong Island,All Hong Kong Island,Kennedy Town,HMA111,https://hk.centanet.com/findproperty/en/list/transaction/Kennedy-Town_19-HMA111?q=fqa6mx9zpr
2025-01-10,Imperial Kennedy・Lower Floor・Flat A,"$30,000",L,558ft²,@$54,Centaline,Hong Kong Island,All Hong Kong Island,Kennedy Town,HMA111,https://hk.centanet.com/findproperty/en/list/transaction/Kennedy-Town_19-HMA111?q=fqa6mx9zpr
2025-01-09,Luen Hong Apartments・2/F・Flat 12,$3.3M,S,328ft²,"@$10,061",Land Registry,Hong Kong Island,All Hong Kong Island,Kennedy Town,HMA111,https://hk.centanet.com/findproperty/en/list/transaction/Kennedy-Town_19-HMA111?q=fqa6mx9zpr
2025-01-09,Westview Height・2/F・Flat A,$4M,S,264ft²,"@$15,152",Land Registry,Hong Kong Island,All Hong Kong Island,Kennedy Town,HMA111,https://hk.centanet.com/findproperty/en/list/transaction/Kennedy-Town_19-HMA111?q=fqa6mx9zpr
2025-01-09,The Highline・20/F・Flat C,$9.82M,S,382ft²,"@$25,712",Land Registry,Hong Kong Island,All Hong Kong Island,Kennedy Town,HMA111,https://hk.centanet.com/findproperty/en/list/transaction/Kennedy-Town_19-HMA111?q=fqa6mx9zpr
2025-01-08,Ivy On Belcher's・Lower Floor・Flat C,"$20,500",L,399ft²,@$51,Centaline,Hong Kong Island,All Hong Kong Island,Kennedy Town,HMA111,https://hk.centanet.com/findproperty/en/list/transaction/Kennedy-Town_19-HMA111?q=fqa6mx9zpr
2025-01-07,Lungga Mansion・2/F・Flat A,$3.5M,S,297ft²,"@$11,785",Land Registry,Hong Kong Island,All Hong Kong Island,Kennedy Town,HMA111,https://hk.centanet.com/findproperty/en/list/transaction/Kennedy-Town_19-HMA111?q=fqa6mx9zpr
2025-01-07,Luen Wai Apartment・2/F・Flat 7,$5M,S,391ft²,"@$12,788",Land Registry,Hong Kong Island,All Hong Kong Island,Kennedy Town,HMA111,https://hk.centanet.com/findproperty/en/list/transaction/Kennedy-Town_19-HMA111?q=fqa6mx9zpr
2025-01-06,Serene Court・10/F・Flat E,$5.5M,S,475ft²,"@$11,579",Land Registry,Hong Kong Island,All Hong Kong Island,Kennedy Town,HMA111,https://hk.centanet.com/findproperty/en/list/transaction/Kennedy-Town_19-HMA111?q=fqa6mx9zpr
2025-01-06,The Merton・Tower 3・48/F・Flat D,$9.9M,S,530ft²,"@$18,679",Land Registry,Hong Kong Island,All Hong Kong Island,Kennedy Town,HMA111,https://hk.centanet.com/findproperty/en/list/transaction/Kennedy-Town_19-HMA111?q=fqa6mx9zpr
2025-01-06,Harbour View Garden・Tower 1・28/F・Flat 2,$7.35M,S,437ft²,"@$16,819",Land Registry,Hong Kong Island,All Hong Kong Island,Kennedy Town,HMA111,https://hk.centanet.com/findproperty/en/list/transaction/Kennedy-Town_19-HMA111?q=fqa6mx9zpr
2025-01-03,On Fat Building・5/F・Flat B,$3M,S,322ft²,"@$9,317",Land Registry,Hong Kong Island,All Hong Kong Island,Kennedy Town,HMA111,https://hk.centanet.com/findproperty/en/list/transaction/Kennedy-Town_19-HMA111?q=fqa6mx9zpr
2025-01-03,The Merton・Tower 2・16/F・Flat F,$8.6M,S,470ft²,"@$18,298",Land Registry,Hong Kong Island,All Hong Kong Island,Kennedy Town,HMA111,https://hk.centanet.com/findproperty/en/list/transaction/Kennedy-Town_19-HMA111?q=fqa6mx9zpr
2025-01-02,Kennedy 38・Lower Floor・Flat N,"$22,000",L,300ft²,@$73,Centaline,Hong Kong Island,All Hong Kong Island,Kennedy Town,HMA111,https://hk.centanet.com/findproperty/en/list/transaction/Kennedy-Town_19-HMA111?q=fqa6mx9zpr
2025-01-02,Cayman Rise・Block 2・36/F・Flat A,$11M,S,642ft²,"@$17,134",Land Registry,Hong Kong Island,All Hong Kong Island,Kennedy Town,HMA111,https://hk.centanet.com/findproperty/en/list/transaction/Kennedy-Town_19-HMA111?q=fqa6mx9zpr
2025-01-02,Luen Hong Apartments・17/F・Flat 7,$4.3M,S,391ft²,"@$10,997",Land Registry,Hong Kong Island,All Hong Kong Island,Kennedy Town,HMA111,https://hk.centanet.com/findproperty/en/list/transaction/Kennedy-Town_19-HMA111?q=fqa6mx9zpr
2025-01-02,Shun On Building・5/F・Flat A,$4.9M,S,356ft²,"@$13,764",Land Registry,Hong Kong Island,All Hong Kong Island,Kennedy Town,HMA111,https://hk.centanet.com/findproperty/en/list/transaction/Kennedy-Town_19-HMA111?q=fqa6mx9zpr
2025-01-01,The Merton・Tower 1・Lower Floor・Flat A,"$35,000",L,651ft²,@$54,Centaline,Hong Kong Island,All Hong Kong Island,Kennedy Town,HMA111,https://hk.centanet.com/findproperty/en/list/transaction/Kennedy-Town_19-HMA111?q=fqa6mx9zpr
2024-12-31,On Fat Building・20/F・Flat I,$4.08M,S,408ft²,"@$10,000",Land Registry,Hong Kong Island,All Hong Kong Island,Kennedy Town,HMA111,https://hk.centanet.com/findproperty/en/list/transaction/Kennedy-Town_19-HMA111?q=fqa6mx9zpr
2025-02-18,King's Building・21/F・Flat B,$3.8M,S,314ft²,"@$12,102",Land Registry,Hong Kong Island,All Hong Kong Island,Shek Tong Tsui,HMA047,https://hk.centanet.com/findproperty/en/list/transaction/Shek-Tong-Tsui_19-HMA047?q=u6cznirv3s
2025-02-17,Novum West・Tower 5・Upper Floor・Flat B,$5.3M,S,215ft²,"@$24,651",Centaline,Hong Kong Island,All Hong Kong Island,Shek Tong Tsui,HMA047,https://hk.centanet.com/findproperty/en/list/transaction/Shek-Tong-Tsui_19-HMA047?q=u6cznirv3s
2025-02-17,Goa Building・15/F・Flat D,$4.3M,S,333ft²,"@$12,913",Land Registry,Hong Kong Island,All Hong Kong Island,Shek Tong Tsui,HMA047,https://hk.centanet.com/findproperty/en/list/transaction/Shek-Tong-Tsui_19-HMA047?q=u6cznirv3s
2025-02-17,Chong Yip Centre・Block B・18/F・Flat E,$3.3M,S,270ft²,"@$12,222",Land Registry,Hong Kong Island,All Hong Kong Island,Shek Tong Tsui,HMA047,https://hk.centanet.com/findproperty/en/list/transaction/Shek-Tong-Tsui_19-HMA047?q=u6cznirv3s
2025-02-12,Hon Bong Building・3/F・Flat B,$2.98M,S,299ft²,"@$9,967",Land Registry,Hong Kong Island,All Hong Kong Island,Shek Tong Tsui,HMA047,https://hk.centanet.com/findproperty/en/list/transaction/Shek-Tong-Tsui_19-HMA047?q=u6cznirv3s
2025-02-12,High West・10/F・Flat E,$5.13M,S,293ft²,"@$17,509",Land Registry,Hong Kong Island,All Hong Kong Island,Shek Tong Tsui,HMA047,https://hk.centanet.com/findproperty/en/list/transaction/Shek-Tong-Tsui_19-HMA047?q=u6cznirv3s
2025-02-10,Novum West・Tower 3・Lower Floor・Flat B,"$22,000",L,294ft²,@$75,Centaline,Hong Kong Island,All Hong Kong Island,Shek Tong Tsui,HMA047,https://hk.centanet.com/findproperty/en/list/transaction/Shek-Tong-Tsui_19-HMA047?q=u6cznirv3s
2025-02-10,Chong Yip Centre・Block B・12/F・Flat I,$3.98M,S,329ft²,"@$12,097",Land Registry,Hong Kong Island,All Hong Kong Island,Shek Tong Tsui,HMA047,https://hk.centanet.com/findproperty/en/list/transaction/Shek-Tong-Tsui_19-HMA047?q=u6cznirv3s
2025-02-07,Wing Hing House・5/F・No. 482 (Front),$4M,S,522ft²,"@$7,663",Land Registry,Hong Kong Island,All Hong Kong Island,Shek Tong Tsui,HMA047,https://hk.centanet.com/findproperty/en/list/transaction/Shek-Tong-Tsui_19-HMA047?q=u6cznirv3s
2025-02-06,Novum West・Tower 2・35/F・Flat D,$5.3M,S,225ft²,"@$23,556",Land Registry,Hong Kong Island,All Hong Kong Island,Shek Tong Tsui,HMA047,https://hk.centanet.com/findproperty/en/list/transaction/Shek-Tong-Tsui_19-HMA047?q=u6cznirv3s
2025-02-05,One South Lane・Lower Floor・Flat 5,$4.45M,S,212ft²,"@$20,991",Centaline,Hong Kong Island,All Hong Kong Island,Shek Tong Tsui,HMA047,https://hk.centanet.com/findproperty/en/list/transaction/Shek-Tong-Tsui_19-HMA047?q=u6cznirv3s
2025-02-05,Eivissa Crest・Lower Floor・Flat D,"$16,500",L,305ft²,@$54,Centaline,Hong Kong Island,All Hong Kong Island,Shek Tong Tsui,HMA047,https://hk.centanet.com/findproperty/en/list/transaction/Shek-Tong-Tsui_19-HMA047?q=u6cznirv3s
2025-02-04,Sun On Building・3/F・Flat Q,$3.4M,S,398ft²,"@$8,543",Land Registry,Hong Kong Island,All Hong Kong Island,Shek Tong Tsui,HMA047,https://hk.centanet.com/findproperty/en/list/transaction/Shek-Tong-Tsui_19-HMA047?q=u6cznirv3s
2025-02-04,Novum West・Tower 3・6/F・Flat C,$4.2M,S,195ft²,"@$21,538",Land Registry,Hong Kong Island,All Hong Kong Island,Shek Tong Tsui,HMA047,https://hk.centanet.com/findproperty/en/list/transaction/Shek-Tong-Tsui_19-HMA047?q=u6cznirv3s
2025-02-04,Chong Yip Centre・Block A・7/F・Flat E,$3.88M,S,393ft²,"@$9,873",Land Registry,Hong Kong Island,All Hong Kong Island,Shek Tong Tsui,HMA047,https://hk.centanet.com/findproperty/en/list/transaction/Shek-Tong-Tsui_19-HMA047?q=u6cznirv3s
2025-02-03,Fu Ga Building・6/F・Flat B,$3.75M,S,309ft²,"@$12,136",Land Registry,Hong Kong Island,All Hong Kong Island,Shek Tong Tsui,HMA047,https://hk.centanet.com/findproperty/en/list/transaction/Shek-Tong-Tsui_19-HMA047?q=u6cznirv3s
2025-02-03,Harbour One・38/F・Flat A,$39.2M,S,"1,265ft²","@$30,988",Land Registry,Hong Kong Island,All Hong Kong Island,Shek Tong Tsui,HMA047,https://hk.centanet.com/findproperty/en/list/transaction/Shek-Tong-Tsui_19-HMA047?q=u6cznirv3s
2025-02-03,Harbour One・40/F・Flat A,$39.3M,S,"1,265ft²","@$31,067",Land Registry,Hong Kong Island,All Hong Kong Island,Shek Tong Tsui,HMA047,https://hk.centanet.com/findproperty/en/list/transaction/Shek-Tong-Tsui_19-HMA047?q=u6cznirv3s
2025-02-01,Novum West・Tower 1・Middle Floor・Flat D,"$17,000",L,219ft²,@$78,Centaline,Hong Kong Island,All Hong Kong Island,Shek Tong Tsui,HMA047,https://hk.centanet.com/findproperty/en/list/transaction/Shek-Tong-Tsui_19-HMA047?q=u6cznirv3s
2025-02-01,Kam Ling Court・Block 1 (A)・Upper Floor・Flat 3,"$13,000",L,284ft²,@$46,Centaline,Hong Kong Island,All Hong Kong Island,Shek Tong Tsui,HMA047,https://hk.centanet.com/findproperty/en/list/transaction/Shek-Tong-Tsui_19-HMA047?q=u6cznirv3s
2025-02-01,Novum West・Tower 1・Middle Floor・Flat C,"$32,000",L,427ft²,@$75,Centaline,Hong Kong Island,All Hong Kong Island,Shek Tong Tsui,HMA047,https://hk.centanet.com/findproperty/en/list/transaction/Shek-Tong-Tsui_19-HMA047?q=u6cznirv3s
2025-02-01,Novum West・Tower 1・Upper Floor・Flat E,"$17,800",L,216ft²,@$82,Centaline,Hong Kong Island,All Hong Kong Island,Shek Tong Tsui,HMA047,https://hk.centanet.com/findproperty/en/list/transaction/Shek-Tong-Tsui_19-HMA047?q=u6cznirv3s
2025-01-25,Novum West・Tower 1・Lower Floor・Flat D,"$16,500",L,219ft²,@$75,Centaline,Hong Kong Island,All Hong Kong Island,Shek Tong Tsui,HMA047,https://hk.centanet.com/findproperty/en/list/transaction/Shek-Tong-Tsui_19-HMA047?q=u6cznirv3s
2025-01-23,Fortune Villa・Lower Floor・Flat C,"$16,300",L,361ft²,@$45,Centaline,Hong Kong Island,All Hong Kong Island,Shek Tong Tsui,HMA047,https://hk.centanet.com/findproperty/en/list/transaction/Shek-Tong-Tsui_19-HMA047?q=u6cznirv3s
2025-01-21,Whitty Street Court・No. 22-28・4/F・Flat 11 (No. 22),$4.5M,S,509ft²,"@$8,841",Land Registry,Hong Kong Island,All Hong Kong Island,Shek Tong Tsui,HMA047,https://hk.centanet.com/findproperty/en/list/transaction/Shek-Tong-Tsui_19-HMA047?q=u6cznirv3s
2025-01-19,Eight South Lane・Upper Floor・Flat C,"$18,800",L,304ft²,@$62,Centaline,Hong Kong Island,All Hong Kong Island,Shek Tong Tsui,HMA047,https://hk.centanet.com/findproperty/en/list/transaction/Shek-Tong-Tsui_19-HMA047?q=u6cznirv3s
2025-01-18,Novum West・Tower 5・Middle Floor・Flat C,"$17,500",L,216ft²,@$81,Centaline,Hong Kong Island,All Hong Kong Island,Shek Tong Tsui,HMA047,https://hk.centanet.com/findproperty/en/list/transaction/Shek-Tong-Tsui_19-HMA047?q=u6cznirv3s
2025-01-17,Novum West・Tower 3・9/F・Flat E,$7M,S,358ft²,"@$19,553",Land Registry,Hong Kong Island,All Hong Kong Island,Shek Tong Tsui,HMA047,https://hk.centanet.com/findproperty/en/list/transaction/Shek-Tong-Tsui_19-HMA047?q=u6cznirv3s
2025-01-15,Novum West・Tower 1・Middle Floor・Flat A,"$23,000",L,330ft²,@$70,Centaline,Hong Kong Island,All Hong Kong Island,Shek Tong Tsui,HMA047,https://hk.centanet.com/findproperty/en/list/transaction/Shek-Tong-Tsui_19-HMA047?q=u6cznirv3s
2025-01-14,High West・Middle Floor・Flat E,"$20,000",L,293ft²,@$68,Centaline,Hong Kong Island,All Hong Kong Island,Shek Tong Tsui,HMA047,https://hk.centanet.com/findproperty/en/list/transaction/Shek-Tong-Tsui_19-HMA047?q=u6cznirv3s
2025-01-14,Novum West・Tower 3・10/F・Flat D,$4.42M,S,199ft²,"@$22,211",Land Registry,Hong Kong Island,All Hong Kong Island,Shek Tong Tsui,HMA047,https://hk.centanet.com/findproperty/en/list/transaction/Shek-Tong-Tsui_19-HMA047?q=u6cznirv3s
2025-01-14,Lok Po House・3/F・No. 4 (Flat 2),$3.1M,S,515ft²,"@$6,019",Land Registry,Hong Kong Island,All Hong Kong Island,Shek Tong Tsui,HMA047,https://hk.centanet.com/findproperty/en/list/transaction/Shek-Tong-Tsui_19-HMA047?q=u6cznirv3s
2025-01-14,Novum West・Tower 3・8/F・Flat C,$4.3M,S,195ft²,"@$22,051",Land Registry,Hong Kong Island,All Hong Kong Island,Shek Tong Tsui,HMA047,https://hk.centanet.com/findproperty/en/list/transaction/Shek-Tong-Tsui_19-HMA047?q=u6cznirv3s
2025-01-13,Green View Court・19/F・Flat B,$4.95M,S,337ft²,"@$14,688",Land Registry,Hong Kong Island,All Hong Kong Island,Shek Tong Tsui,HMA047,https://hk.centanet.com/findproperty/en/list/transaction/Shek-Tong-Tsui_19-HMA047?q=u6cznirv3s
2025-01-12,High West・Upper Floor・Flat B,"$28,000",L,481ft²,@$58,Centaline,Hong Kong Island,All Hong Kong Island,Shek Tong Tsui,HMA047,https://hk.centanet.com/findproperty/en/list/transaction/Shek-Tong-Tsui_19-HMA047?q=u6cznirv3s
2025-01-08,Dragonfair Garden・Block 2・23/F・Flat D,$7.12M,S,465ft²,"@$15,312",Land Registry,Hong Kong Island,All Hong Kong Island,Shek Tong Tsui,HMA047,https://hk.centanet.com/findproperty/en/list/transaction/Shek-Tong-Tsui_19-HMA047?q=u6cznirv3s
2025-01-07,Novum West・Tower 3・Lower Floor・Flat E,$7M,S,358ft²,"@$19,553",Centaline,Hong Kong Island,All Hong Kong Island,Shek Tong Tsui,HMA047,https://hk.centanet.com/findproperty/en/list/transaction/Shek-Tong-Tsui_19-HMA047?q=u6cznirv3s
2025-01-07,Joy Fat Mansion (House)・7/F・Flat 7,$4.47M,S,543ft²,"@$8,232",Land Registry,Hong Kong Island,All Hong Kong Island,Shek Tong Tsui,HMA047,https://hk.centanet.com/findproperty/en/list/transaction/Shek-Tong-Tsui_19-HMA047?q=u6cznirv3s
2025-01-06,Kam Ling Court・Block 1 (A)・21/F・Flat 4,$4.3M,S,406ft²,"@$10,591",Land Registry,Hong Kong Island,All Hong Kong Island,Shek Tong Tsui,HMA047,https://hk.centanet.com/findproperty/en/list/transaction/Shek-Tong-Tsui_19-HMA047?q=u6cznirv3s
2025-01-01,Eivissa Crest・Lower Floor・Flat D,"$15,500",L,305ft²,@$51,Centaline,Hong Kong Island,All Hong Kong Island,Shek Tong Tsui,HMA047,https://hk.centanet.com/findproperty/en/list/transaction/Shek-Tong-Tsui_19-HMA047?q=u6cznirv3s
2025-01-01,Novum West・Tower 1・Upper Floor・Flat D,"$17,500",L,219ft²,@$80,Centaline,Hong Kong Island,All Hong Kong Island,Shek Tong Tsui,HMA047,https://hk.centanet.com/findproperty/en/list/transaction/Shek-Tong-Tsui_19-HMA047?q=u6cznirv3s
2025-01-01,Eivissa Crest・Upper Floor・Flat C,"$18,000",L,290ft²,@$62,Centaline,Hong Kong Island,All Hong Kong Island,Shek Tong Tsui,HMA047,https://hk.centanet.com/findproperty/en/list/transaction/Shek-Tong-Tsui_19-HMA047?q=u6cznirv3s
2025-02-19,Island Crest・Tower 1・Lower Floor・Flat B,$11.06M,S,559ft²,"@$19,785",Centaline,Hong Kong Island,All Hong Kong Island,Sai Ying Pun,HMA056,https://hk.centanet.com/findproperty/en/list/transaction/Sai-Ying-Pun_19-HMA056?q=wgngbrk7qm
2025-02-18,Luen Tak Building・5/F・No. 184,$3.78M,S,554ft²,"@$6,823",Land Registry,Hong Kong Island,All Hong Kong Island,Sai Ying Pun,HMA056,https://hk.centanet.com/findproperty/en/list/transaction/Sai-Ying-Pun_19-HMA056?q=wgngbrk7qm
2025-02-18,Kwan Yick Building・Phase 2・Block C・7/F・Flat C1,$4.25M,S,423ft²,"@$10,047",Land Registry,Hong Kong Island,All Hong Kong Island,Sai Ying Pun,HMA056,https://hk.centanet.com/findproperty/en/list/transaction/Sai-Ying-Pun_19-HMA056?q=wgngbrk7qm
2025-02-18,Tak On Lau・5/F・No. 223,$2.95M,S,481ft²,"@$6,133",Land Registry,Hong Kong Island,All Hong Kong Island,Sai Ying Pun,HMA056,https://hk.centanet.com/findproperty/en/list/transaction/Sai-Ying-Pun_19-HMA056?q=wgngbrk7qm
2025-02-17,King's Hill・Middle Floor・Flat B,"$22,000",L,314ft²,@$70,Centaline,Hong Kong Island,All Hong Kong Island,Sai Ying Pun,HMA056,https://hk.centanet.com/findproperty/en/list/transaction/Sai-Ying-Pun_19-HMA056?q=wgngbrk7qm
2025-02-17,Two．Artlane・Middle Floor・Flat J,"$18,500",L,243ft²,@$76,Centaline,Hong Kong Island,All Hong Kong Island,Sai Ying Pun,HMA056,https://hk.centanet.com/findproperty/en/list/transaction/Sai-Ying-Pun_19-HMA056?q=wgngbrk7qm
2025-02-17,Tung Wai Garden・10/F・Flat B,$4M,S,314ft²,"@$12,739",Land Registry,Hong Kong Island,All Hong Kong Island,Sai Ying Pun,HMA056,https://hk.centanet.com/findproperty/en/list/transaction/Sai-Ying-Pun_19-HMA056?q=wgngbrk7qm
2025-02-17,Kwong Fung Terrace・Carpark・2/F・No.22,$1.19M,S,--,--,Land Registry,Hong Kong Island,All Hong Kong Island,Sai Ying Pun,HMA056,https://hk.centanet.com/findproperty/en/list/transaction/Sai-Ying-Pun_19-HMA056?q=wgngbrk7qm
2025-02-17,Des Voeux W Residence・22/F・Flat C,$4.95M,S,215ft²,"@$23,040",Land Registry,Hong Kong Island,All Hong Kong Island,Sai Ying Pun,HMA056,https://hk.centanet.com/findproperty/en/list/transaction/Sai-Ying-Pun_19-HMA056?q=wgngbrk7qm
2025-02-15,Two．Artlane・Lower Floor・Flat J,"$18,000",L,243ft²,@$74,Centaline,Hong Kong Island,All Hong Kong Island,Sai Ying Pun,HMA056,https://hk.centanet.com/findproperty/en/list/transaction/Sai-Ying-Pun_19-HMA056?q=wgngbrk7qm
2025-02-14,Kwan Yick Building・Phase 2・Block D・Lower Floor・Flat D5,$3.98M,S,423ft²,"@$9,409",Centaline,Hong Kong Island,All Hong Kong Island,Sai Ying Pun,HMA056,https://hk.centanet.com/findproperty/en/list/transaction/Sai-Ying-Pun_19-HMA056?q=wgngbrk7qm
2025-02-14,Ko Nga Court・11/F・Flat F,$4.35M,S,311ft²,"@$13,987",Land Registry,Hong Kong Island,All Hong Kong Island,Sai Ying Pun,HMA056,https://hk.centanet.com/findproperty/en/list/transaction/Sai-Ying-Pun_19-HMA056?q=wgngbrk7qm
2025-02-13,Kwan Yick Building・Phase 3・Block B・3/F・Flat B7,$3.6M,S,393ft²,"@$9,160",Land Registry,Hong Kong Island,All Hong Kong Island,Sai Ying Pun,HMA056,https://hk.centanet.com/findproperty/en/list/transaction/Sai-Ying-Pun_19-HMA056?q=wgngbrk7qm
2025-02-13,Kwong Fung Terrace・Carpark・1/F・No.10,$1.4M,S,--,--,Land Registry,Hong Kong Island,All Hong Kong Island,Sai Ying Pun,HMA056,https://hk.centanet.com/findproperty/en/list/transaction/Sai-Ying-Pun_19-HMA056?q=wgngbrk7qm
2025-02-12,260-262 Queen's Road West・1/F・No. 262,$4.68M,S,300ft²,"@$15,600",Land Registry,Hong Kong Island,All Hong Kong Island,Sai Ying Pun,HMA056,https://hk.centanet.com/findproperty/en/list/transaction/Sai-Ying-Pun_19-HMA056?q=wgngbrk7qm
2025-02-12,Kwong Fung Terrace・Tower 1・16/F・Flat A,$8.75M,S,622ft²,"@$14,068",Land Registry,Hong Kong Island,All Hong Kong Island,Sai Ying Pun,HMA056,https://hk.centanet.com/findproperty/en/list/transaction/Sai-Ying-Pun_19-HMA056?q=wgngbrk7qm
2025-02-10,Fung King Court・Middle Floor・Flat B,$4M,S,325ft²,"@$12,308",Centaline,Hong Kong Island,All Hong Kong Island,Sai Ying Pun,HMA056,https://hk.centanet.com/findproperty/en/list/transaction/Sai-Ying-Pun_19-HMA056?q=wgngbrk7qm
2025-02-10,Kwan Yick Building・Phase 2・Block A・10/F・Flat A11,$3.98M,S,369ft²,"@$10,786",Land Registry,Hong Kong Island,All Hong Kong Island,Sai Ying Pun,HMA056,https://hk.centanet.com/findproperty/en/list/transaction/Sai-Ying-Pun_19-HMA056?q=wgngbrk7qm
2025-02-10,Flora Court・1/F・No. 265,$140M,S,313ft²,"@$447,284",Land Registry,Hong Kong Island,All Hong Kong Island,Sai Ying Pun,HMA056,https://hk.centanet.com/findproperty/en/list/transaction/Sai-Ying-Pun_19-HMA056?q=wgngbrk7qm
2025-02-10,Kwong Fung Terrace・Carpark・1/F・No.28,$1.47M,S,--,--,Land Registry,Hong Kong Island,All Hong Kong Island,Sai Ying Pun,HMA056,https://hk.centanet.com/findproperty/en/list/transaction/Sai-Ying-Pun_19-HMA056?q=wgngbrk7qm
2025-02-10,Kwong Fung Terrace・Carpark・2/F・No.4,$1.67M,S,--,--,Land Registry,Hong Kong Island,All Hong Kong Island,Sai Ying Pun,HMA056,https://hk.centanet.com/findproperty/en/list/transaction/Sai-Ying-Pun_19-HMA056?q=wgngbrk7qm
2025-02-08,One．Artlane・Upper Floor・Flat A,"$29,000",L,422ft²,@$69,Centaline,Hong Kong Island,All Hong Kong Island,Sai Ying Pun,HMA056,https://hk.centanet.com/findproperty/en/list/transaction/Sai-Ying-Pun_19-HMA056?q=wgngbrk7qm
2025-02-07,Kwan Yick Building・Phase 3・Block A・19/F・Flat A10,$4M,S,415ft²,"@$9,639",Land Registry,Hong Kong Island,All Hong Kong Island,Sai Ying Pun,HMA056,https://hk.centanet.com/findproperty/en/list/transaction/Sai-Ying-Pun_19-HMA056?q=wgngbrk7qm
2025-02-06,Federate Building・6/F・Flat A,$4.17M,S,320ft²,"@$13,031",Land Registry,Hong Kong Island,All Hong Kong Island,Sai Ying Pun,HMA056,https://hk.centanet.com/findproperty/en/list/transaction/Sai-Ying-Pun_19-HMA056?q=wgngbrk7qm
2025-02-06,Hang Hing Court・10/F・Flat E,$4.3M,S,298ft²,"@$14,430",Land Registry,Hong Kong Island,All Hong Kong Island,Sai Ying Pun,HMA056,https://hk.centanet.com/findproperty/en/list/transaction/Sai-Ying-Pun_19-HMA056?q=wgngbrk7qm
2025-02-06,Liang Ga Building・5/F・Flat B,$4.25M,S,363ft²,"@$11,708",Land Registry,Hong Kong Island,All Hong Kong Island,Sai Ying Pun,HMA056,https://hk.centanet.com/findproperty/en/list/transaction/Sai-Ying-Pun_19-HMA056?q=wgngbrk7qm
2025-02-05,Kwan Yick Building・Phase 3・Block B・23/F・Flat B9,$4.5M,S,421ft²,"@$10,689",Land Registry,Hong Kong Island,All Hong Kong Island,Sai Ying Pun,HMA056,https://hk.centanet.com/findproperty/en/list/transaction/Sai-Ying-Pun_19-HMA056?q=wgngbrk7qm
2025-02-04,Artisan House・Upper Floor・Flat B,$9M,S,462ft²,"@$19,481",Centaline,Hong Kong Island,All Hong Kong Island,Sai Ying Pun,HMA056,https://hk.centanet.com/findproperty/en/list/transaction/Sai-Ying-Pun_19-HMA056?q=wgngbrk7qm
2025-02-04,Fung Sing Mansion・6/F・Flat C,$2.2M,S,168ft²,"@$13,095",Land Registry,Hong Kong Island,All Hong Kong Island,Sai Ying Pun,HMA056,https://hk.centanet.com/findproperty/en/list/transaction/Sai-Ying-Pun_19-HMA056?q=wgngbrk7qm
2025-02-03,Kensington Hill・Upper Floor・Flat C,"$36,000",L,569ft²,@$63,Centaline,Hong Kong Island,All Hong Kong Island,Sai Ying Pun,HMA056,https://hk.centanet.com/findproperty/en/list/transaction/Sai-Ying-Pun_19-HMA056?q=wgngbrk7qm
2025-02-03,Fung Shing Building・5/F・Flat B,$6.5M,S,537ft²,"@$12,104",Land Registry,Hong Kong Island,All Hong Kong Island,Sai Ying Pun,HMA056,https://hk.centanet.com/findproperty/en/list/transaction/Sai-Ying-Pun_19-HMA056?q=wgngbrk7qm
2025-02-03,No. 30 Eastern Street・1/F,$5.2M,S,--,--,Land Registry,Hong Kong Island,All Hong Kong Island,Sai Ying Pun,HMA056,https://hk.centanet.com/findproperty/en/list/transaction/Sai-Ying-Pun_19-HMA056?q=wgngbrk7qm
2025-02-01,Centre Place・Lower Floor・Flat C,"$26,500",L,474ft²,@$56,Centaline,Hong Kong Island,All Hong Kong Island,Sai Ying Pun,HMA056,https://hk.centanet.com/findproperty/en/list/transaction/Sai-Ying-Pun_19-HMA056?q=wgngbrk7qm
2025-02-01,Yue Sun Mansion・Block 2・Lower Floor・Flat A,"$19,000",L,391ft²,@$49,Centaline,Hong Kong Island,All Hong Kong Island,Sai Ying Pun,HMA056,https://hk.centanet.com/findproperty/en/list/transaction/Sai-Ying-Pun_19-HMA056?q=wgngbrk7qm
2025-02-01,One．Artlane・Middle Floor・Flat J,"$16,000",L,224ft²,@$71,Centaline,Hong Kong Island,All Hong Kong Island,Sai Ying Pun,HMA056,https://hk.centanet.com/findproperty/en/list/transaction/Sai-Ying-Pun_19-HMA056?q=wgngbrk7qm
2025-02-01,Island Crest・Tower 2・Middle Floor・Flat A,"$48,800",L,873ft²,@$56,Centaline,Hong Kong Island,All Hong Kong Island,Sai Ying Pun,HMA056,https://hk.centanet.com/findproperty/en/list/transaction/Sai-Ying-Pun_19-HMA056?q=wgngbrk7qm
2025-01-28,The First Building・4/F・Flat C (No. 51),$4.08M,S,299ft²,"@$13,645",Land Registry,Hong Kong Island,All Hong Kong Island,Sai Ying Pun,HMA056,https://hk.centanet.com/findproperty/en/list/transaction/Sai-Ying-Pun_19-HMA056?q=wgngbrk7qm
2025-01-28,Samtoh Building・5/F・Flat F,$4.08M,S,330ft²,"@$12,364",Land Registry,Hong Kong Island,All Hong Kong Island,Sai Ying Pun,HMA056,https://hk.centanet.com/findproperty/en/list/transaction/Sai-Ying-Pun_19-HMA056?q=wgngbrk7qm
2025-01-27,Des Voeux W Residence・30/F・Flat G,$7.33M,S,275ft²,"@$26,639",Land Registry,Hong Kong Island,All Hong Kong Island,Sai Ying Pun,HMA056,https://hk.centanet.com/findproperty/en/list/transaction/Sai-Ying-Pun_19-HMA056?q=wgngbrk7qm
2025-01-27,Island Crest・Tower 1・8/F・Flat G,$10.63M,S,554ft²,"@$19,188",Land Registry,Hong Kong Island,All Hong Kong Island,Sai Ying Pun,HMA056,https://hk.centanet.com/findproperty/en/list/transaction/Sai-Ying-Pun_19-HMA056?q=wgngbrk7qm
2025-01-25,Ko Nga Court・Middle Floor・Flat E,"$17,500",L,365ft²,@$48,Centaline,Hong Kong Island,All Hong Kong Island,Sai Ying Pun,HMA056,https://hk.centanet.com/findproperty/en/list/transaction/Sai-Ying-Pun_19-HMA056?q=wgngbrk7qm
2025-01-24,Bohemian House・Middle Floor・Flat F,$5.3M,S,297ft²,"@$17,845",Centaline,Hong Kong Island,All Hong Kong Island,Sai Ying Pun,HMA056,https://hk.centanet.com/findproperty/en/list/transaction/Sai-Ying-Pun_19-HMA056?q=wgngbrk7qm
2025-01-24,One．Artlane・19/F・Flat D,$5.73M,S,259ft²,"@$22,124",Land Registry,Hong Kong Island,All Hong Kong Island,Sai Ying Pun,HMA056,https://hk.centanet.com/findproperty/en/list/transaction/Sai-Ying-Pun_19-HMA056?q=wgngbrk7qm
2025-01-24,Viking Court・19/F・Flat A,$3.83M,S,287ft²,"@$13,345",Land Registry,Hong Kong Island,All Hong Kong Island,Sai Ying Pun,HMA056,https://hk.centanet.com/findproperty/en/list/transaction/Sai-Ying-Pun_19-HMA056?q=wgngbrk7qm
2025-01-24,105-107 High Street・3/F・No. 107,$2.38M,S,286ft²,"@$8,322",Land Registry,Hong Kong Island,All Hong Kong Island,Sai Ying Pun,HMA056,https://hk.centanet.com/findproperty/en/list/transaction/Sai-Ying-Pun_19-HMA056?q=wgngbrk7qm
2025-01-24,Federate Building・1/F・Flat F,$4.8M,S,320ft²,"@$15,000",Land Registry,Hong Kong Island,All Hong Kong Island,Sai Ying Pun,HMA056,https://hk.centanet.com/findproperty/en/list/transaction/Sai-Ying-Pun_19-HMA056?q=wgngbrk7qm
2025-01-24,Kwan Yick Building・Phase 3・Block B・18/F・Flat B9,$4.38M,S,421ft²,"@$10,404",Land Registry,Hong Kong Island,All Hong Kong Island,Sai Ying Pun,HMA056,https://hk.centanet.com/findproperty/en/list/transaction/Sai-Ying-Pun_19-HMA056?q=wgngbrk7qm
2025-01-23,Mui Fung Apartments・13/F・Flat B,$3.3M,S,388ft²,"@$8,505",Land Registry,Hong Kong Island,All Hong Kong Island,Sai Ying Pun,HMA056,https://hk.centanet.com/findproperty/en/list/transaction/Sai-Ying-Pun_19-HMA056?q=wgngbrk7qm
2025-01-23,Mui Fung Apartments・13/F・Flat A,$3.55M,S,424ft²,"@$8,373",Land Registry,Hong Kong Island,All Hong Kong Island,Sai Ying Pun,HMA056,https://hk.centanet.com/findproperty/en/list/transaction/Sai-Ying-Pun_19-HMA056?q=wgngbrk7qm
2025-01-23,Elegant Garden・Block 2・16/F・Flat E,$5.73M,S,374ft²,"@$15,321",Land Registry,Hong Kong Island,All Hong Kong Island,Sai Ying Pun,HMA056,https://hk.centanet.com/findproperty/en/list/transaction/Sai-Ying-Pun_19-HMA056?q=wgngbrk7qm
2025-01-23,Bank Building・13/F・Flat G,$3.09M,S,397ft²,"@$7,783",Land Registry,Hong Kong Island,All Hong Kong Island,Sai Ying Pun,HMA056,https://hk.centanet.com/findproperty/en/list/transaction/Sai-Ying-Pun_19-HMA056?q=wgngbrk7qm
2025-01-22,Fung Yu Building・7/F・Flat C,$3M,S,272ft²,"@$11,029",Land Registry,Hong Kong Island,All Hong Kong Island,Sai Ying Pun,HMA056,https://hk.centanet.com/findproperty/en/list/transaction/Sai-Ying-Pun_19-HMA056?q=wgngbrk7qm
2025-01-21,101 High Street・4/F・No. 101,$2.4M,S,366ft²,"@$6,557",Land Registry,Hong Kong Island,All Hong Kong Island,Sai Ying Pun,HMA056,https://hk.centanet.com/findproperty/en/list/transaction/Sai-Ying-Pun_19-HMA056?q=wgngbrk7qm
2025-01-21,Kwan Yick Building・Phase 3・Block A・22/F・Flat A10,$4.2M,S,415ft²,"@$10,120",Land Registry,Hong Kong Island,All Hong Kong Island,Sai Ying Pun,HMA056,https://hk.centanet.com/findproperty/en/list/transaction/Sai-Ying-Pun_19-HMA056?q=wgngbrk7qm
2025-01-20,Wah Lee Building・11/F・Flat A,$3.1M,S,319ft²,"@$9,718",Land Registry,Hong Kong Island,All Hong Kong Island,Sai Ying Pun,HMA056,https://hk.centanet.com/findproperty/en/list/transaction/Sai-Ying-Pun_19-HMA056?q=wgngbrk7qm
2025-01-18,Kensington Hill・Lower Floor・Flat A,"$45,000",L,864ft²,@$52,Centaline,Hong Kong Island,All Hong Kong Island,Sai Ying Pun,HMA056,https://hk.centanet.com/findproperty/en/list/transaction/Sai-Ying-Pun_19-HMA056?q=wgngbrk7qm
2025-01-18,Centre Place・Upper Floor・Flat A,"$37,000",L,638ft²,@$58,Centaline,Hong Kong Island,All Hong Kong Island,Sai Ying Pun,HMA056,https://hk.centanet.com/findproperty/en/list/transaction/Sai-Ying-Pun_19-HMA056?q=wgngbrk7qm
2025-01-17,Wo Yick Mansion・20/F・Flat D,$4.9M,S,348ft²,"@$14,080",Land Registry,Hong Kong Island,All Hong Kong Island,Sai Ying Pun,HMA056,https://hk.centanet.com/findproperty/en/list/transaction/Sai-Ying-Pun_19-HMA056?q=wgngbrk7qm
2025-01-15,Ko Nga Court・Middle Floor・Flat G,"$13,000",L,311ft²,@$42,Centaline,Hong Kong Island,All Hong Kong Island,Sai Ying Pun,HMA056,https://hk.centanet.com/findproperty/en/list/transaction/Sai-Ying-Pun_19-HMA056?q=wgngbrk7qm
2025-01-14,Fung Yu Building・16/F・Flat F,$3.9M,S,336ft²,"@$11,607",Land Registry,Hong Kong Island,All Hong Kong Island,Sai Ying Pun,HMA056,https://hk.centanet.com/findproperty/en/list/transaction/Sai-Ying-Pun_19-HMA056?q=wgngbrk7qm
2025-01-13,Des Voeux W Residence・21/F・Flat C,$5M,S,215ft²,"@$23,240",Land Registry,Hong Kong Island,All Hong Kong Island,Sai Ying Pun,HMA056,https://hk.centanet.com/findproperty/en/list/transaction/Sai-Ying-Pun_19-HMA056?q=wgngbrk7qm
2025-01-13,Tong Nam Mansion・12/F・Flat D,$6M,S,437ft²,"@$13,730",Land Registry,Hong Kong Island,All Hong Kong Island,Sai Ying Pun,HMA056,https://hk.centanet.com/findproperty/en/list/transaction/Sai-Ying-Pun_19-HMA056?q=wgngbrk7qm
2025-01-13,Tung Cheung Building・23/F・Flat D,$3.7M,S,267ft²,"@$13,858",Land Registry,Hong Kong Island,All Hong Kong Island,Sai Ying Pun,HMA056,https://hk.centanet.com/findproperty/en/list/transaction/Sai-Ying-Pun_19-HMA056?q=wgngbrk7qm
2025-01-10,Bohemian House・Middle Floor・Flat E,"$17,000",L,299ft²,@$57,Centaline,Hong Kong Island,All Hong Kong Island,Sai Ying Pun,HMA056,https://hk.centanet.com/findproperty/en/list/transaction/Sai-Ying-Pun_19-HMA056?q=wgngbrk7qm
2025-01-10,Richsun Garden・Upper Floor・Flat A,"$18,500",L,405ft²,@$46,Centaline,Hong Kong Island,All Hong Kong Island,Sai Ying Pun,HMA056,https://hk.centanet.com/findproperty/en/list/transaction/Sai-Ying-Pun_19-HMA056?q=wgngbrk7qm
2025-01-10,Hang Yue Building・5/F・Flat E,$2.88M,S,288ft²,"@$10,000",Land Registry,Hong Kong Island,All Hong Kong Island,Sai Ying Pun,HMA056,https://hk.centanet.com/findproperty/en/list/transaction/Sai-Ying-Pun_19-HMA056?q=wgngbrk7qm
2025-01-10,One．Artlane・15/F・Flat D,$5.45M,S,259ft²,"@$21,042",Land Registry,Hong Kong Island,All Hong Kong Island,Sai Ying Pun,HMA056,https://hk.centanet.com/findproperty/en/list/transaction/Sai-Ying-Pun_19-HMA056?q=wgngbrk7qm
2025-01-10,Two．Artlane・8/F・Flat D,$6M,S,250ft²,"@$24,000",Land Registry,Hong Kong Island,All Hong Kong Island,Sai Ying Pun,HMA056,https://hk.centanet.com/findproperty/en/list/transaction/Sai-Ying-Pun_19-HMA056?q=wgngbrk7qm
2025-01-10,Hang Yue Building・6/F・Flat G,$2.85M,S,278ft²,"@$10,252",Land Registry,Hong Kong Island,All Hong Kong Island,Sai Ying Pun,HMA056,https://hk.centanet.com/findproperty/en/list/transaction/Sai-Ying-Pun_19-HMA056?q=wgngbrk7qm
2025-01-09,Artisan House・Upper Floor・Flat K,"$17,300",L,227ft²,@$76,Centaline,Hong Kong Island,All Hong Kong Island,Sai Ying Pun,HMA056,https://hk.centanet.com/findproperty/en/list/transaction/Sai-Ying-Pun_19-HMA056?q=wgngbrk7qm
2025-01-09,True Light Building・7/F・Flat B,$4.3M,S,417ft²,"@$10,312",Land Registry,Hong Kong Island,All Hong Kong Island,Sai Ying Pun,HMA056,https://hk.centanet.com/findproperty/en/list/transaction/Sai-Ying-Pun_19-HMA056?q=wgngbrk7qm
2025-01-09,Connaught Garden・Block 1・18/F・Flat G,$5.26M,S,334ft²,"@$15,749",Land Registry,Hong Kong Island,All Hong Kong Island,Sai Ying Pun,HMA056,https://hk.centanet.com/findproperty/en/list/transaction/Sai-Ying-Pun_19-HMA056?q=wgngbrk7qm
2025-01-08,Fung Sing Mansion・Middle Floor・Flat A,"$18,000",L,394ft²,@$46,Centaline,Hong Kong Island,All Hong Kong Island,Sai Ying Pun,HMA056,https://hk.centanet.com/findproperty/en/list/transaction/Sai-Ying-Pun_19-HMA056?q=wgngbrk7qm
2025-01-08,Wing Sing Court・3/F・Flat B,$4M,S,327ft²,"@$12,232",Land Registry,Hong Kong Island,All Hong Kong Island,Sai Ying Pun,HMA056,https://hk.centanet.com/findproperty/en/list/transaction/Sai-Ying-Pun_19-HMA056?q=wgngbrk7qm
2025-01-07,King's Hill・Lower Floor・Flat C,"$22,500",L,361ft²,@$62,Centaline,Hong Kong Island,All Hong Kong Island,Sai Ying Pun,HMA056,https://hk.centanet.com/findproperty/en/list/transaction/Sai-Ying-Pun_19-HMA056?q=wgngbrk7qm
2025-01-07,Hang Yue Building・14/F・Flat C,$3.13M,S,274ft²,"@$11,423",Land Registry,Hong Kong Island,All Hong Kong Island,Sai Ying Pun,HMA056,https://hk.centanet.com/findproperty/en/list/transaction/Sai-Ying-Pun_19-HMA056?q=wgngbrk7qm
2025-01-07,Two．Artlane・31/F・Flat J,$6.5M,S,243ft²,"@$26,749",Land Registry,Hong Kong Island,All Hong Kong Island,Sai Ying Pun,HMA056,https://hk.centanet.com/findproperty/en/list/transaction/Sai-Ying-Pun_19-HMA056?q=wgngbrk7qm
2025-01-07,Yuk Ming Towers・Tower 1・16/F・Flat G,$7.2M,S,536ft²,"@$13,433",Land Registry,Hong Kong Island,All Hong Kong Island,Sai Ying Pun,HMA056,https://hk.centanet.com/findproperty/en/list/transaction/Sai-Ying-Pun_19-HMA056?q=wgngbrk7qm
2025-01-06,Artisan House・9/F・Flat E,$4.3M,S,221ft²,"@$19,457",Land Registry,Hong Kong Island,All Hong Kong Island,Sai Ying Pun,HMA056,https://hk.centanet.com/findproperty/en/list/transaction/Sai-Ying-Pun_19-HMA056?q=wgngbrk7qm
2025-01-06,Western Garden・Evergreen Tower (Block 1)・24/F・Flat G,$6.08M,S,451ft²,"@$13,481",Land Registry,Hong Kong Island,All Hong Kong Island,Sai Ying Pun,HMA056,https://hk.centanet.com/findproperty/en/list/transaction/Sai-Ying-Pun_19-HMA056?q=wgngbrk7qm
2025-01-06,New Start Building・13/F・Flat A,$5.6M,S,312ft²,"@$17,949",Land Registry,Hong Kong Island,All Hong Kong Island,Sai Ying Pun,HMA056,https://hk.centanet.com/findproperty/en/list/transaction/Sai-Ying-Pun_19-HMA056?q=wgngbrk7qm
2025-01-03,393 Queen's Road West・3/F・No. 393,$2.49M,S,353ft²,"@$7,054",Land Registry,Hong Kong Island,All Hong Kong Island,Sai Ying Pun,HMA056,https://hk.centanet.com/findproperty/en/list/transaction/Sai-Ying-Pun_19-HMA056?q=wgngbrk7qm
2025-01-02,Wah Lee Building・6/F・Flat B,$2.8M,S,260ft²,"@$10,769",Land Registry,Hong Kong Island,All Hong Kong Island,Sai Ying Pun,HMA056,https://hk.centanet.com/findproperty/en/list/transaction/Sai-Ying-Pun_19-HMA056?q=wgngbrk7qm
2025-01-02,Hang Sing Mansion・18/F・Flat 11,$3.75M,S,364ft²,"@$10,302",Land Registry,Hong Kong Island,All Hong Kong Island,Sai Ying Pun,HMA056,https://hk.centanet.com/findproperty/en/list/transaction/Sai-Ying-Pun_19-HMA056?q=wgngbrk7qm
2025-01-01,Western Garden・Evergreen Tower (Block 1)・Lower Floor・Flat D,"$22,500",L,512ft²,@$44,Centaline,Hong Kong Island,All Hong Kong Island,Sai Ying Pun,HMA056,https://hk.centanet.com/findproperty/en/list/transaction/Sai-Ying-Pun_19-HMA056?q=wgngbrk7qm
2025-01-01,One．Artlane・Upper Floor・Flat C,"$18,300",L,253ft²,@$72,Centaline,Hong Kong Island,All Hong Kong Island,Sai Ying Pun,HMA056,https://hk.centanet.com/findproperty/en/list/transaction/Sai-Ying-Pun_19-HMA056?q=wgngbrk7qm
2024-12-31,Fook Moon Building・2/F・Flat F,$3.33M,S,425ft²,"@$7,835",Land Registry,Hong Kong Island,All Hong Kong Island,Sai Ying Pun,HMA056,https://hk.centanet.com/findproperty/en/list/transaction/Sai-Ying-Pun_19-HMA056?q=wgngbrk7qm
2024-12-31,416-418 Queen's Road West・2/F・Flat B,$2.95M,S,348ft²,"@$8,477",Land Registry,Hong Kong Island,All Hong Kong Island,Sai Ying Pun,HMA056,https://hk.centanet.com/findproperty/en/list/transaction/Sai-Ying-Pun_19-HMA056?q=wgngbrk7qm
2024-12-31,Kwan Yick Building・Phase 2・Block C・9/F・Flat C6,$4.2M,S,404ft²,"@$10,396",Land Registry,Hong Kong Island,All Hong Kong Island,Sai Ying Pun,HMA056,https://hk.centanet.com/findproperty/en/list/transaction/Sai-Ying-Pun_19-HMA056?q=wgngbrk7qm
2024-12-31,Hoi Sing Building・Block 1・3/F・Flat B,$4M,S,327ft²,"@$12,232",Land Registry,Hong Kong Island,All Hong Kong Island,Sai Ying Pun,HMA056,https://hk.centanet.com/findproperty/en/list/transaction/Sai-Ying-Pun_19-HMA056?q=wgngbrk7qm
